NodeID,NodeName,NodeType,ParentID
ROOT,Warehouse_Main,ROOT,
Z_A,Zone_A,ZONE,ROOT
Z_B,Zone_B,ZONE,ROOT
Z_C,Zone_C,ZONE,ROOT
A_A1,Aisle_1,AISLE,Z_A
A_A2,Aisle_2,AISLE,Z_A
A_B1,Aisle_1,AISLE,Z_B
A_B2,Aisle_2,AISLE,Z_B
A_C1,Aisle_1,AISLE,Z_C
S_A1_1,Shelf_1,SHELF,A_A1
S_A1_2,Shelf_2,SHELF,A_A1
S_A1_3,Shelf_3,SHELF,A_A1
S_A1_4,Shelf_4,SHELF,A_A1
S_A2_1,Shelf_1,SHELF,A_A2
S_A2_2,Shelf_2,SHELF,A_A2
S_A2_3,Shelf_3,SHELF,A_A2
S_B1_1,Shelf_1,SHELF,A_B1
S_B1_2,Shelf_2,SHELF,A_B1
S_B1_3,Shelf_3,SHELF,A_B1
S_B2_1,Shelf_1,SHELF,A_B2
S_B2_2,Shelf_2,SHELF,A_B2
S_B2_3,Shelf_3,SHELF,A_B2
S_B2_4,Shelf_4,SHELF,A_B2
S_C1_1,Shelf_1,SHELF,A_C1
S_C1_2,Shelf_2,SHELF,A_C1
