LogID,RobotID,OrderID,StepNo,Direction,Timestamp,Phase
1,R002,ORD006,1,FORWARD,2026-05-20 08:01,FORWARD
2,R002,ORD006,2,FORWARD,2026-05-20 08:01,FORWARD
3,R002,ORD006,3,RIGHT,2026-05-20 08:02,FORWARD
4,R002,ORD006,4,FORWARD,2026-05-20 08:02,FORWARD
5,R002,ORD006,5,FORWARD,2026-05-20 08:03,FORWARD
6,R002,ORD006,6,LEFT,2026-05-20 08:03,FORWARD
7,R002,ORD006,7,FORWARD,2026-05-20 08:04,FORWARD
8,R002,ORD006,1,BACKWARD,2026-05-20 08:06,RETURN
9,R002,ORD006,2,RIGHT,2026-05-20 08:06,RETURN
10,R002,ORD006,3,BACKWARD,2026-05-20 08:07,RETURN
11,R002,ORD006,4,BACKWARD,2026-05-20 08:07,RETURN
12,R002,ORD006,5,LEFT,2026-05-20 08:08,RETURN
13,R002,ORD006,6,BACKWARD,2026-05-20 08:08,RETURN
14,R002,ORD006,7,BACKWARD,2026-05-20 08:09,RETURN
15,R001,ORD001,1,ENTER_ZONE_A,2026-05-21 10:00,FORWARD
16,R001,ORD001,2,MOVE_TO_AISLE_2,2026-05-21 10:00,FORWARD
17,R001,ORD001,3,MOVE_TO_SHELF_1,2026-05-21 10:00,FORWARD
18,R001,ORD001,1,RETURN_FROM_SHELF_1,2026-05-21 10:00,RETURN
19,R001,ORD001,2,RETURN_FROM_AISLE_2,2026-05-21 10:00,RETURN
20,R001,ORD001,3,EXIT_ZONE_A,2026-05-21 10:00,RETURN
21,R003,ORD002,1,ENTER_ZONE_B,2026-05-21 10:00,FORWARD
22,R003,ORD002,2,MOVE_TO_AISLE_2,2026-05-21 10:00,FORWARD
23,R003,ORD002,3,MOVE_TO_SHELF_2,2026-05-21 10:00,FORWARD
24,R003,ORD002,1,RETURN_FROM_SHELF_2,2026-05-21 10:00,RETURN
25,R003,ORD002,2,RETURN_FROM_AISLE_2,2026-05-21 10:00,RETURN
26,R003,ORD002,3,EXIT_ZONE_B,2026-05-21 10:00,RETURN
27,R001,ORD003,1,ENTER_ZONE_B,2026-05-21 10:00,FORWARD
28,R001,ORD003,2,MOVE_TO_AISLE_2,2026-05-21 10:00,FORWARD
29,R001,ORD003,3,MOVE_TO_SHELF_1,2026-05-21 10:00,FORWARD
30,R001,ORD003,1,MOVE_TO_SHELF_1,2026-05-21 10:00,RETURN
31,R001,ORD003,2,MOVE_TO_AISLE_2,2026-05-21 10:00,RETURN
32,R001,ORD003,3,ENTER_ZONE_B,2026-05-21 10:00,RETURN
